Q1_2008,Q2_2008,Q3_2008,Q4_2008,Q1_2009,Q2_2009,Q3_2009,Q4_2009,Q1_2010,Q2_2010,Q3_2010,Q4_2010,Q1_2011,Q2_2011,Q3_2011,Q4_2011,Q1_2012,Q2_2012,Q3_2012,Q4_2012,Q1_2013,Q2_2013,Q3_2013,Q4_2013,Q1_2014,Q2_2014,Q3_2014,Q4_2014,Q1_2015,Q2_2015,Q3_2015,Q4_2015,Q1_2016,Q2_2016,Q3_2016,Q4_2016
,,,,,,,APG,,,AAA,,,,,,,,,,,,,,,,,,,,,,,,,
,,,,,,,CSM,,,,,,,AAM,,,,,,,,,,,,,,,,,,,,,
,,,,,,,DHG,,,,,,,,,,,,,,,,,,,,,,,,,,,,
,,,ACC,,,,DRC,,,,,,,,,ACC,,,,,,,,,,,,,,,,,,,
ACL,ACL,,,,,,HAX,,,,,,ACL,ACL,,,,,,,,,,,,,,,,,,,,,
,,,,,,,LIX,,,,,,,,,,,,,,,,,,,,,,,,,,,,
,,,,,,,NTL,,,,,,,,,,,,,,,,,,,,,,,,,,,,
,,,,,,,PGD,,,,,,,,,,,,,,,,,,,,,AGR,,,,,,,
,,,,,,,SCD,,,,,,,,,,,,,,,,,,,,,,,,,,,,
,,,,,,,SJS,,,,,,,,,,,,,,,,,,,,,,,,,,,,
,,,,,,,ST8,,,,,,,,,,,,,,,,,,,,,,,,,,,,
,,,,,,,STG,,,,,,,,,,,,,,,,,,,,,,,,APG,,,,
,,,,,,,TAC,,,,,,,,,,,,,,,,,,,,,,,,,,,,
,,,,,,,TRA,,,,,,,,,,,,,,,,,,,,,,,,,,,,
,,,,,,,APP,,,,,,,,,,,,,,,,,,,,,,,,,,,,
,,,,,,,CAN,,,,,,,BBC,BBC,,,BBC,BBC,BBC,,BBC,BBC,BBC,,BBC,BBC,BBC,,BBC,BBC,,,BBC,BBC
,,,,,,,CVT,,,,,,,,,,,,,,,,,,,,,,,,,,,,
,,,,,,,DZM,,,,,,,,,,,,,,,,,,,,,,,,,,,,
,,,,,,,ECI,,,,,,,,,,,,,,,,,,,,,,,,,,,,
,,,,,,,GLT,,,,,,,,,,,,,,,,,,,,,,,,,,,,
,,,,,,,HEV,,,,,,,,,,,,,,,,,,,,,,,,,,,,
,,,,,,,HHC,,,,,,,,,,,,,,,,,,,,,,,,,,,,
,,,,,,,HLY,,,,,,,,,,,,,,,,,,,,,,,,,,,,
,,,,,,,KST,,,,,,,,,,,,,,,,,,,,,,,,,,,,
,,,,,,,KTS,,,,,,,,,,,,,,,,,,,,,,,,,,,,
,,,,,,,MHL,,,,,,BMC,BMC,BMC,BMC,BMC,BMC,,BMC,BMC,BMC,BMC,,,,,,,,,,,,
,,,,,,,NTP,,,,,,,,,,,,,,,,,,,,,,,,,,,,
,,,,BMP,BMP,BMP,ONE,BMP,BMP,,,,,,BMP,BMP,BMP,BMP,BMP,BMP,BMP,,,BMP,BMP,,,BMP,BMP,,,BMP,BMP,BMP,
,,,,,,,PLC,,,,,,,,,,,,,,,,,,,,,,,,,,,,
,,,,,,,PMC,,,,,,,,,,,,,,,,,,,,,,,,,,,,
,,,,,,,QST,,,,,,,,,,,,,,,,,,,,,,,,,,,,
,,,,,,,RCL,,,,,,,,,,,,,,,,,,,,,,,,,,,,
,,,,,,,SSM,,,,,,,,,,,,,,,,,,,,,,,,,,,,
,,,,,,,THT,,,,,,C32,,,,,,,,C32,C32,,C32,,,,,,,C32,,,,
,,,,,,,TST,,,,,,,,,,,,,,,,,,,,,,,,,,,,
,,,,,,,TV2,,,,,,,,,,,,,,,,,,,,,,,,,,,,
,,,,,,,TV4,,,,,,,,,,,,,,,,,,,,,,,,,,,,
,,,,,,,VDL,,,,,,,,,,,,,,,,,,,,,,,,,,,,
,,,,,,,VTV,,,,,,,,,,,,,,,,,,,,,,,,,,,,
,,,,,,,,,,,,,,,,,,,,,,,,,,,,CDO,,,,,,,
,,,,,,,,,,,,,,,,,,,,,,,,,,,,,,,,,,,
,,,,,,,,,,,,,,,,,,,,,,,,,,,,,,,,,,,
,,,,,,,,,,,,,,,,,,,,,,,,,,,,,,,,,,,
,,,,,,,,,,,,,,,,,,,,,,,,,,,,,,,,,,,
,,,,,,,,,,,,,,,,,,,,,,,,,,,,,,,,,,,CLC
,,,,,,,,,,,,,,,,,,,,,,,,,,,,,,,,,,,
,,,,,,,,,,,,,,,,,,,,,,,,,,,,,,,,,,,
,,,,,,,,,,,,,,,,,,,,,,,,,,,,,,,,,,,
,,,,,,,,,,,,,,,,,,,,,,,,CMG,,,,CMG,,,,,,,
,,,,,,,,CMT,,,,,,,,,,,,,,,,,,,,,,,,,,,
,,,,CMV,,,,CMV,,,,CMV,CMV,,,CMV,,,,,,,,,,,,,,,,,,,
,,,,,,,,,,,,,,,,,,,,,,,,,,,,,,,,,,,
,,,,,,,,,,,,,CNG,CNG,,,,,,,,,,CNG,,CNG,,,,,,,CNG,,
,,,,COM,,,,COM,,,,,,,,,,,,,,,,COM,,,COM,COM,COM,COM,COM,COM,COM,COM,COM
,,,,,CSM,CSM,,,,,,,,,,,CSM,CSM,CSM,CSM,,,,,,,,,,,,,,,
,,,,,,,,,,,,,,,,,,,,,,,,,,,CSV,CSV,,,,CSV,CSV,,
,,,,,,,,,,,,,,,,,,,,,,,,,,,,,,,,,,,
,,,,,,,,,,,,,,,,,,,,,,,,,,,,,,,,,,,
,,,,,,,,,,,,,,,,,,,,,,,,,,,,,,,,,,,
,,,,,,,,,,,,,,,,,,,,,,,,,,,,,,,,,,,
,,,,,,,,,,,,,,,,,,,,,,,,,,,,,,,,,,,
,,,,,,,,,,,,,,,,,,,,,,,,,,,,,,,,,,,
,,,,,,,,,,,,,,,,,,,,,,,,,,,,,,,,,,,
,,,,,,,,,,,,,,,,,,,,,,,,,,,,,,,,,,,
,,,,,,,,,,,,,,,,,,,,,,,,DCL,,,DCL,,,,,,,,
,,,,,,,,,,,,,,,,,,,,,,,,,,,,,,,,,,,
,,,,,,,,,,,,,,,,,,,,,,,,,,,,,,,,,,,
,,,,,,,,,,,,,,,,,,,,,,,,,,,,,,,,,,,
,,,,,,,,,,,,,,,,,,,,,,,,,,,,,,,,,,,
DHG,DHG,DHG,DHG,DHG,DHG,DHG,,DHG,DHG,DHG,DHG,DHG,DHG,DHG,DHG,DHG,DHG,DHG,DHG,DHG,DHG,DHG,DHG,DHG,DHG,DHG,DHG,DHG,DHG,DHG,DHG,DHG,DHG,DHG,DHG
,,,,,,,,,,,,,,,,,DHM,,,,,,,,,,,,,,,,,,
,,,,,,,,,,,,,,,,,,,,,,,,,,,,,,,,,,,
,,,,,,,,,,,,,,,,,,,,,,,,,,,,,,,,,,,
,,,,,,,,,,,,,,,,,,,,,,,,,,,,,,,,,,,
,,,DMC,DMC,DMC,,,,,,,DMC,DMC,DMC,DMC,DMC,DMC,DMC,DMC,DMC,DMC,DMC,DMC,DMC,DMC,DMC,DMC,DMC,,DMC,DMC,DMC,DMC,DMC,DMC
,DPM,,,,,,,,,,,DPM,DPM,DPM,DPM,DPM,DPM,,,DPM,DPM,,,,,,,,,,,,,,
,,,,,,,,,,,,,,DPR,DPR,,,,,,,,,,,,,,,,,,,,
,,,,,,,,,,,,,,,,,,,,,,,,,,,,,,,,,,,
,,,,DRC,DRC,DRC,,DRC,DRC,,,,,,,,,,,,,,,,,,,,,,,,,,
,,,,,,,,,,,,,,,,,,,,,,,,,,,,,,,,,,,
,,,,,,,,,,,,,,,,,,,,,,DRL,DRL,,,,,,,DRL,,,,,DRL
,,,,,,,,,,DSN,,DSN,DSN,DSN,,DSN,DSN,DSN,,DSN,DSN,DSN,,DSN,DSN,DSN,,DSN,DSN,DSN,,DSN,DSN,DSN,
,,,,,,,,,,,,,,,,,,,,,,,,,,,,,,,,,,,
,,,,,,,,,,,,,,,,,,,,,,,,,,,,,,,,,,,
,,,,,,,,,,,,,,,,,,,,,,,,,,,,,,,,,,,
,,,,,,,,,,,,,,,,,,,,,,,,,,,,,,,,,,,
,,,,,,,,,,,,,,,,,,,,,,,,,,,,,,,,,,,DXG
,,,,,,,,,,,,,,,,,,,,,,,,,,,,,,,,,,,
,,,,,,,,,,,,,,,,,,,,,,,,,,,,,,,,,,,
,,,,,,,,,,,,,,,,,,,,,,,,,,,,,,,,,,,
,,,,,,,,,,,ELC,,,,,,,,,,,,,,,,,,,,,,,,
,,,,,,,,,,,,,,,,,,,,,,,,,,,,,,,,,,,
,,,,,,,,,,,EVE,EVE,,EVE,,,,,,,,,,,,,,,,,,,,,
,,,,,,,,,,,,,,,,,,,,,,,,,,,,,,,,,,,
,,,,,,,,,,,,,,,,,,,FCM,,,,,,,,,,,,,,,,
,,,,,,,,,,,,,,,,,,,,,,,,,,,,,,,,,,,
,,,,,,,,,,,,,,,,,,,,,,,,,,,,,,,,,,,
,,,,,,,,,,,,,,,,,,,,,,,,,,,,,,,,,,,
,,,,,,,,,,,,,,,,,,,,,,,,,,,,,,,,,,,
,,,,,,,,,,,,,,,,,,,,,,,,,,,,,,,,,,,
,,,,,,,,,,,,,,,,,,,,,,,,,,,,,,,,,,,
FPT,FPT,FPT,FPT,FPT,FPT,FPT,,FPT,,,,,,,,,,,FPT,FPT,,,,,,,,,,,,,,,
,,,,,,,,,,,,,,,,,,,,,,,,,,,,,,,,,,,
,,,,,,,,,,,,,,,,,,,,GAS,,,,GAS,,,GAS,,,,,,,,
,,,,,,,,,,GDT,,,,GDT,,,,,,,,,,,,,,,,GDT,GDT,,,,GDT
,,,,,,,,,,,,,,,,,,,,,,,,,,,,,,,,GIL,,,
GMC,GMC,GMC,GMC,GMC,,,,,,,GMC,,,GMC,GMC,,,,,,,,,GMC,,GMC,,,,,,,,,GMC
,,,,,,,,,,,,,,,,,,,,,,,,,,,,,,,,,,,
,,,,,,,,,,,,,,,,,,,,,,,,,,,,,,,,,,,
,,,,,,,,,,,,,,,,,,,,,,,,,,,,,,,,,,,
,,,,,,,,,,,,,,,,,,,,,,,,,,,,,,,,,,,
,,,,,,,,,,,,,,,,,,,,,,,,,,,,,,,,,,,
,,,,,,,,,,,,,,,,,,,,,,,,,,,,,,,,,,,
,,,,,,,,,,,,HAI,,,,,,,,,,,,,,,,,,,,,,,
,,,,,,,,,,,,,,,,,,,,,,,,,,,,,,,,,,,
,,,,,,,,,,,,,,,,,,,,,,,,,,,,,,,,,,,
,,,,,,,,,,,,,,,,,,,,,,,,,,,,,,,,,,,
,,,,,,,,,,,,,,,,,,,,,,,,,,,,,,,,,,,
,,,,,,,,,,,,,,,,,,,,,,,,,,,,,,,,,,,
,,,,,,,,,,,,,,,,,,,,,,,,,,,,,,,,,,,
,,,,,,,,,,,,,,,,,,,,,,,,,,,,,,,,,,,
,,,,,,,,,,,,,,,,,,,,,,,,,,,,,,,,,,,
,,,,,,,,,,,,,,,,,,,,,,,,,,,,,,,,,,,
,,,,,,,,,,,,,,,,,,,,,,,,,,,,,,,,,,,
,,,,,,,,,,,,HHS,,,,,,,,,,,,,,,,,,,,,,,
,,,,,,,,,,,,,,,,,,,,,,,,,,,,,,,,,,,
,,,,,,,,,,,,,,,,,,,,,,,,,,,,,,,,,,,
,,,,,,,,,,,,,,,,,,,,,,,,,,,,,,,,,,,
,,,,,,,,,,,,,,,,,,,,,,,,,,,,,,,,,,,
,,,,,,,,,,,,,,,,HOT,,,,HOT,,,,,,,,,,,,HOT,,,
HPG,,,,,,,,,,,,,,,,,,,,,,,,,,,,,,,,,,,
,,,,,,,,,,,HQC,,,,,,,,,,,,,,,,,,,,,,,,
,,,,,,,,,,,,,,,,,,,,,,,,,,,,,,,,,,,
,,,,,,HSG,,,,,,,,,,,,,,,,,,,,,,,,,,HSG,HSG,HSG,
,,,,,,,,,,,,,,,,,,,,,,,,,,,,,,,,,,,
,,,,,,,,,,,,,,,,,,,,,,,,,,,,,,,,,,,
,,,,,,,,,,,,,,,,,,,,,,,,,,,HTL,,HTL,HTL,HTL,HTL,,,
,,,,,,,,,,,,,,,,,,,,,,,,,,,,,,,,,,,
,,,,,,,,,,,,,,,,,,,,,,,,,,,,,,,,,,,
,,,,,,,,,,,,,,,,,,,,,,,,,,,,,,,,,,,
,,,,,,,,,,,,,,,,,,,,,,,,,,,,,,,,,,,
,,,,,,,,,,,,,,,,,,HVX,,,,,,,,,,,,,,,,,
,,,,,,,,,,,,,,,,,,,,,,,,,,,,,,,,,,,
,,,,,,,,,,,,,,,,,,,,,,,,,,,,,,,,,,,
,,,,,,,,,,,,,,,,,,,,,,,,,,,,,,,,,,,
IMP,,,,IMP,IMP,,,IMP,IMP,IMP,IMP,IMP,IMP,IMP,IMP,IMP,IMP,IMP,IMP,IMP,IMP,IMP,IMP,IMP,IMP,IMP,IMP,IMP,,,IMP,,,,IMP
,,,,,,,,,,,,,,,,,,,,,,,,,,,,,,,,,,,
,,,,,,,,,,,,,,,,,,,,,,,,,,,,,,,,,,,
,,,,,,,,,,,,,,,,,,,,,,,,,,,,ITD,,,,,,,ITD
,,,,,,,,,,,JVC,,,,JVC,,,,JVC,,,,,,,,,,,,,,,,
,,,,,,,,,,,,,,,,,KAC,,,,,,,,,,,,,,KAC,,,,
,,,,,,,,,,,,,,,,,,,,,,,,,,,,,,,,,,,
,,,,,,,,,,,,,,KDC,,,,KDC,,,,KDC,,,,KDC,,,,,,,,,
,,,,,,,,,,,,,,,,,,,,,,,,,,,,,,,,,,,
,,,,,,,,,,,,,,,,,,,,,,,,,,KHA,,,,,KHA,,,,
,,,,,,,,,,,,,,,,,,,,,,,,,,,,,,,,,,,
,,,,,,,,,,,,,,,,,,,,,,,,,,,,,,,,,,,
,,,,,,,,,,,,,,,,,,,,,,,,,,,,,,,,,,,
,,,,,,,,,KSA,KSA,,,,,,,,,,,,,,,,,,,,,,,,,
,,,,,,,,,,,,,,,,,,,,,,,,,,,,,,,,,KSB,KSB,
,,,,,,,,,,,,,,,,,,,,,,,,,,,,,,,,,,,
,,,,,,,,,,,,,,,,,,,,,,,,,,,,,,,,,,,
,,,,,,,,,,,LAF,LAF,,,,,,,,,,,LAF,,,,,,,,,,,,
LBM,LBM,,,,,,,,,,,,,,,,,,LBM,,LBM,,,,,,,,LBM,LBM,,LBM,LBM,LBM,
,,,,,,,,,,,,,,,,,,,,,,,,,,,,,,,,,,,
,,,,,,,,,,,,,,,,LCM,LCM,,,,,,,,,,,,,,,,,,
,,,,,,,,,,,,,,,,,,,,,,,,,,,,,,,,,,,
,,,,,,,,,,,,,,,,,,,,,,,,,,,,,,,,,,,
,,,,,,,,,,,,,,,,,,,,,,,,,,,,,,,,,,,
,,,,,,,,,,,,,,,,,,,,,,,,,,,,,,,,,,,LHG
,,,LIX,,,LIX,,LIX,LIX,LIX,LIX,LIX,LIX,LIX,,LIX,LIX,LIX,LIX,LIX,LIX,LIX,LIX,LIX,LIX,LIX,LIX,LIX,LIX,LIX,LIX,LIX,LIX,LIX,LIX
,,,,,,,,,,,,,,,,,,,,,,,,,,,,,,,,,,,
,,,,,,,,LSS,,,,,,,,,,,,,,,,,,,,,,,,,,,
,,,,,,,,,,,,,,,,,,,,,,,,,,,,,,,,,,,
,,,,,,,,,,,,,,,,,,,,,,,,,,,,,,,,,,,
,,,,,,,,,,,,,,,,,,,,,,,,,,,,,,,,,,,
,,,,,,,,,,,,,,,,,,,,,,,,,,,,,,,,,,,
,,,,,,,,,,,,,,,,,,,,,,,,,,,,,,,,,,,
,,,,,,,,,,,,,,,,,,,,,,,,,,,,,,,,,,,
,,,,,,,,,,,,,,,,,,,,,,,,MWG,MWG,MWG,MWG,MWG,MWG,MWG,MWG,MWG,MWG,MWG,MWG
,,,,,,,,,,,,,,,,,,,,,,,,,,,,,,,,,,,
,,,,,,,,,,,,,,,,,,,,,,,,,,,,,,,,,,,
,,,,,,,,,,,,,,,,,,,,,,,,,,,,,,,,,,,
,,,,,,,,,,,,,,,,,,,,,,,,,NCT,NCT,NCT,NCT,NCT,NCT,NCT,NCT,NCT,NCT,NCT
,,,,,,,,,,,,,,,,,,,,,,,,,,,,,,,,,,,
,,,,,,,,,,,,,,,,,,,,,,,,,,,,,,,,,,,
,,,,,,NNC,,NNC,NNC,NNC,NNC,NNC,NNC,NNC,NNC,,,NNC,NNC,NNC,NNC,NNC,,NNC,NNC,NNC,NNC,NNC,NNC,NNC,NNC,NNC,NNC,NNC,NNC
,,,,,,,,,,,,,,,,,,,,,,,,,,,,,,,,,,,
,NSC,,,,NSC,,,NSC,NSC,,NSC,NSC,NSC,,NSC,NSC,NSC,NSC,NSC,NSC,NSC,NSC,NSC,NSC,NSC,,,,,,,,,,NSC
,,,,,,,,,,,,,,,,,,,,,,,,,,,,,,,,,,,
,,,NTL,,,NTL,,,NTL,,NTL,,,,,,,,,,,,,,,,,,,,,,,,
,,,,,,,,,,,,,,,,,,,,,,,,,,,,,,,,,,,
,,,,,,,,,,,,,,,,,,,,,,,,,,,,,,,,,,,
,,,OPC,,,,,OPC,,OPC,OPC,OPC,,OPC,OPC,OPC,,OPC,OPC,OPC,OPC,OPC,OPC,OPC,OPC,OPC,OPC,OPC,OPC,OPC,,OPC,OPC,OPC,OPC
,PAC,PAC,PAC,PAC,PAC,PAC,,,PAC,PAC,,PAC,,,,,,,,,,,,,,,,PAC,,,,,,,
,,,,,,,,,,,,,,,,,,,,,,,,,,,,,,,,,,,
,,,,,,,,,,,,,,,,,,,,,,,,PC,PC,,,,,,,,,,
,,,,,,,,,,,,,,,,,,,,,,,,,,,,,,,,,,,
,,,,,,,,,,,,,,,,,,,,,,,,,,,,,,,,,,,
,,,,,,,,,,,,,,,,,,,,,,,,,,,,,,,,,,,
,,,,,,,,,,,,,,,,,,,,,,,,,,,,,,,,,,,
,,,,,,,,,,,,,,PGC,,PGC,,,,,,,,,,,,,,,,,,,
,,,PGD,,PGD,PGD,,,,PGD,PGD,PGD,PGD,PGD,,PGD,PGD,,,,,,,,,,,,,,,PGD,PGD,,
,,,,,,,,,,,,,,,,,,,,,,,,,,,,,,,,,,,
,,,,,,,,,,,,PHR,,,PHR,,,,,,,,,,,,,,,,,,,,
,,,,,,,,,,,,,,,,,,,,,,,,,,,,,,,,,,,
,,,,,,,,,,,,,PJT,,,,,,,,,,,,,,,,,,,,,,
,,,,,,,,,,,,,,,,,,,,,,,,,,PNC,,,,PNC,,,PNC,PNC,
,,,,,,,,,,,,,,,,,,,,,,,,PNJ,,,,PNJ,,,PNJ,PNJ,,PNJ,PNJ
,,,,,,,,,,,,,,,,,,,,,,,,,,,,,,,,,,,
,,,,,,,,,,,,,,,,,,,,,,,,,,,,,,,,,,,
,,,,,,,,,,,,,,,,,,,,,,,,,,,,,,,,,,,
,,,,,,,,,,,,,PTB,,,,,,,PTB,,,,PTB,,,,,,,PTB,PTB,,,PTB
,,,,,,,,,,,,,,,,,,,,,,,,,,,,,,,,,,,
,,,,,,,,,,,,,,,,,,,,,,,,,,,,,,,,,,,
,,,,,,,,,,,,,,,,,,,,,,,,,,,,,,,,,,,
,,,,,,,,,,,,,,,,,,,,,,,,,,,,,,,,,,,
,,,,,,,,,,,,,,,,,,,,,,,,,,,,,,,,,,,
,,,,,,,,,,,,,,,,,,,,,,,,,,,,,,,,,,,
,,,,,,,,,,,PXS,,,,,,,,,,,,,,,,,,,,,,,,
,,,,,,,,,,,,,,,,,,,,,,,,,,,,,,,PXT,,,,
,,,,,,,,,,,,,,,,,,,,,,,,,,,,,,,,,,,
,,,,,,,,,,,,,,,,,,,,,,,,,,,,,,,,,,,
,,,,,,,,,,,,,,,,RAL,,,,,,,,,,,,,,,,,,,
,,,,,,,,,,,,,,,,,,,,,,,,,,,,,,,,,,,
,,,,,,,,,,,,,,,,,,,,,,,,,,,,,,,,,,,
,,,,,,,,,,,,,,,,,,,,,,,,,,,,,,,,,,,
,,,,,,,,,,,,,,,,,,,,,,,,,,,,,,,,,,,
,,,,,,,,,,,,,,,,,,,,,,,,,,,,,,,,,,,
,,,,,,,,,,,,,,,,,,,,,,,,,,,,,,,,,,,
,,,,,,,,,,,,,,,,,SAB,,,,,,,,,SAB,SAB,,,,,SAB,,,SAB
,,,,,,,,,,,,,,,,,,,,,,,,,,,,,,,,,,,
,,,,,,,,,,,,,,,,,,,,,,,,,,,,,,,,,,,
SCD,SCD,SCD,SCD,SCD,SCD,SCD,,SCD,SCD,,,SCD,,,SCD,SCD,,,SCD,SCD,,,SCD,SCD,,SCD,SCD,,,,SCD,SCD,SCD,,SCD
,,,,,,,,,,,,,,,,,,,,,,,,,,,,,,,,,,,
SFC,,SFC,SFC,SFC,,SFC,,,,SFC,,,,,,,,,,,,,,,,,,,,,,,,,
,,,,,,,,,,,,,,,,,,,,,,,,,,,,,,,,,,,
,,,,,,,,,,,,,,,,,,,,,,,,,,,,,,,,,,,
,,,,,,,,,,,,,,,,,,,,,,,,,,,,,,,,,,,
,,,,,,,,,,,,,,,,,,,,,,,,,,,,,SHA,,,,,,
,,,,,,,,,,,,,,,,,,,,,,,,,,,,,,,,,,,
,,,,,,,,,,,,,,,,,,,,,,,,,,,,,,,,,,,
,,,,,,,,,,,,,,,,,,,,,,,,,,,,,,,,,,,
,,,,,,,,,,,,,,,,,,,,,,,,,,,,,,,,,,,
,,,,,,,,,,,,,,,,,,,,,,,,,,,,,,,,,,,
,,,,,,,,,,,,,,,,,,,,,,,,SKG,SKG,,,SKG,SKG,SKG,,SKG,SKG,SKG,
,,,,,,,,,,,,,,,,,,,,,,,,,,,,,,,,,,,
,,,,,,,,,,,,,,,,,,,,,,,,,,,,,,,,,,,
,,,,,,,,,,,,,,,,,,,,,,,,,,,,,,,,,,,
,,,,,SRC,SRC,,,,,,,,,,,,,,,,,,,,SRC,,,SRC,SRC,,,,,
,,,,,,,,,,,,,,,,,,,,,,,,,,,,,,,,,,,
,,,,,,,,,,,,,,,,,,,,,,,,,,,,,,,,,,,
,SSC,,,SSC,SSC,,,SSC,SSC,,,SSC,SSC,,SSC,SSC,SSC,SSC,,,SSC,,,,SSC,,SSC,,,,SSC,,,,
,,,,,,,,,,,,,,,,,,,,,,,,,,,,,,,,,,,
ST8,ST8,ST8,ST8,ST8,,ST8,,ST8,ST8,ST8,ST8,ST8,ST8,ST8,ST8,ST8,ST8,ST8,ST8,ST8,ST8,ST8,ST8,ST8,ST8,ST8,ST8,ST8,ST8,ST8,ST8,ST8,ST8,ST8,ST8
,,,,,,,,,,,,,,,,,,,,,,,,,,,,,,,,,,,
,,,,,,STG,,STG,STG,STG,STG,STG,STG,STG,STG,STG,STG,STG,STG,STG,STG,STG,STG,STG,STG,STG,STG,STG,STG,,,,,,
,,,,,,,,,,,,,,,,,,,,,,,,,,,,,,,,,,,
,,,,,,,,,,,,,,,,,,,,,,,,,,,,,,,,,,,
,SVI,,,SVI,,,,,,,,,SVI,,,,,,,,,,,,,,,,,,,,,,
,,,,,,,,,,,,,,,,,,,,,,,,,,,,,,,,,,,
,,,,,,,,,,,,,,,,,,,,,,,,,,,,,,,,,,,
,,,,,,,,TAC,,TAC,TAC,TAC,,,,TAC,,,TAC,TAC,,TAC,,TAC,,,TAC,TAC,,,,TAC,,TAC,
,,,,,,,,,,,,,,,,,,,,,,,,,,,,,,,,,,,
,,,,,,,,,,,,,,,,,,,,,,,,,,,,,,,,,,,
,,,,,,,,,,,,,,,,,,,,,,,,,,,,,,,,,,,
,,,,,,,,,,,,,,,,,,,,,,,,,,,,,,,,,,,
,,,,,,,,,,,,,,,,,,,,,,,,,,,,,,,,,,,
,,,,,,,,,,,,,,,,,,,,,,,,,,,,,,,,,,,
TCT,,,,TCT,,,,TCT,,,,TCT,,,,TCT,,,,TCT,,,,TCT,,,,TCT,,,,TCT,,,
,,,,,,,,,,,,,,,,,,,,,,,,,,,,,,,,,,,
,,,,,,,,,,,,,,,,,,,,,,,,,,,,,,,,,,,
,,,,,,,,,,,TDW,,,,,,,,TDW,TDW,TDW,TDW,TDW,TDW,TDW,TDW,,TDW,TDW,,,TDW,TDW,TDW,TDW
,,,,,,,,,,,,,,,,,,,,,,,,,,,,,,,,,,,
,,,,,,,,,,,,,,,,,,,,,,,,,,,,,,,,,,,
,,,,,,,,,,,,,,,,,,,,,,,,,,,,,,,,,,,
,,,,,,,,,,,,,,,,,,,,,,,,,,,,,,,,,,,
,,,,,,,,,,,,TIX,,,,,,,,,,,,,,,,,,,,,,,
,,,,,,,,TLG,,TLG,,TLG,TLG,TLG,,TLG,TLG,TLG,,TLG,TLG,TLG,,TLG,TLG,TLG,TLG,TLG,TLG,TLG,TLG,TLG,TLG,TLG,TLG
,,,,,,TLH,,,,,,,,,,,,,,,,,,,,,,,,,,,,,
,,,,,,,,,,,,,,,,,,,,,,,,,,,,,,,,,,,
,,,,,,,,,,,,,,,,,,,,,,,,,,,,,,,,,,,
,,,,,,,,,,,,,,,,,,,,,,,,,,,,,,,,,,,
,,,,,,,,,,,,,,,,,,,,,,,,,,,,,,,,,,,
,,,,,,,,,,,,TNC,,,,,,,,,,,,,,,,,,,,,,,
,,,,,,,,,,,,,,,,,,,,,,,,,,,,,,,,,,,
,,,,,,,,,,,,,,,,,,,,,,,,,,,,,,,,,,,
,,,,TRA,TRA,TRA,,TRA,TRA,TRA,,TRA,TRA,TRA,TRA,TRA,TRA,TRA,TRA,TRA,TRA,TRA,TRA,TRA,TRA,TRA,TRA,TRA,TRA,TRA,TRA,TRA,TRA,TRA,TRA
,,TRC,,,,,,,,TRC,TRC,,,TRC,,,,,,,,,,,,,,,,,,,,,
,,,,,,,,,,,,,,,,,,,,,,,,,,,,,,,,,,,
TSC,,,,,,,,,,,,,,,,,,,,,,,,,,,TSC,TSC,,,,,,,
,,,,,,,,,,,,,,,,,,,,,,,,,,,,,,,,,,,
,,,,,,,,,,,,,,,,,,,,,,,,,,,,,,,,,,,
,,,,,,,,,,,,,,,,,,,,,,,,,,,,,,,,,,,
,,,,,,,,,,,,,,,,,,,,,,,,,,,,,,,,,,,
,,,,,,,,,,,,,,,,,,,,,,,,,,,,,,,,,,,
,,,,,,,,,,,,,,,,,,,,,,,,,,,,,,,,,,,
,,,,,,,,,,,,,,,,,,,,,,,,,,,,,,,,,,,
,,,,,,,,,,,,,,,,,,,,VAF,,,,VAF,VAF,,,VAF,VAF,,,VAF,VAF,,
,,,,,,,,,,,,,,,,,,,,,,,,,,,,,,,,,,,
,,,,,,,,,,VCF,,VCF,,VCF,VCF,VCF,VCF,VCF,VCF,VCF,VCF,VCF,VCF,VCF,VCF,VCF,VCF,,VCF,VCF,VCF,,,VCF,VCF
,,,,,,,,,,,,VFG,VFG,VFG,,,,VFG,VFG,VFG,VFG,VFG,,VFG,VFG,,VFG,VFG,VFG,VFG,VFG,VFG,VFG,VFG,
,,,,,,,,,,,,,,,,,,,,,,,,,,,,,,,,,,,
,,,,,,,,,,,,,,,,,,,,,,,,,,,,,,,,,,,
,,,,,,,,,,,,,,,,,,,,,,,,,,,,,,,,,,,
,,,,,,,,,,,,,,,,,,,,,,,,,,,,,,,,,,,
,,,,,,,,,,,,,,,,,,,,,,,,,,,,,,,,,,,
,,,,,,,,,,,,,,,,,,,,,,,,,,,,,,,,,,,
,,,,,,,,,,,,,,,,,,,,,,,,,,,,VPS,,VPS,VPS,,,VPS,VPS
,,,,,,,,,,,,,,,,,,,,,,,,,,,,,,,,,,,
,,,,,,,,,,,,,,,,,,,,,,,,,,,,,,,,,,,
,,,,,,,,,,,,,,,,,,,,,,,,,,,,,,,,,,,
,,,,,,,,,,,,,,,,,,,,,,,,,,,,,,,,,,,
,,,,,,,,,,,,,,,,,,,,,,,,,,,,,,,,,,,
,VNM,VNM,,VNM,VNM,VNM,,VNM,VNM,VNM,,VNM,VNM,VNM,,VNM,VNM,VNM,VNM,VNM,VNM,VNM,VNM,VNM,VNM,VNM,VNM,VNM,VNM,VNM,VNM,VNM,VNM,VNM,VNM
,,,,,,,,,,,,,,,,,,,,,,,,,,,,,,,,,,,
,,,,,,,,,,,,,,,,,,,,,,,,,,,,,,,,,,,
,,,,,,,,,,,,,,,,,,,,,,,,,,,,,,,,,,,
,,,,,,,,,,,,VPK,,,,VPK,VPK,VPK,VPK,VPK,VPK,VPK,,,,,,,,,,,,,
,,,,,,,,,,,,,,,,,,,,,,,,,,,,,,,,,,,
,,,,,,,,,,,,,,,,,,,,,,,,,,,,,,,,,,,
,,,,,,,,,,,,,,,,,,,,,,,,,,,,,,,,,,,
,,,,,,,,,,,,,,,,,,,,,,,,,,,,,VSI,,VSI,,,,
,,,,,,,,,,,,,,,,,,,,,,,,,,,,,,,,,,,
,,,,,,,,,,,,,,,,,,,,,,,,,,,,,,,,,,,
,,,,,,,,,,,,,,,,,,,,,,,,,,,,,,,,,,,
,,,,,,,,,,,,,,,,,,,,,,,,,,,,,,,,,,,
,,,,,,,,,,,,ADC,ADC,ADC,ADC,ADC,ADC,ADC,ADC,ADC,ADC,ADC,ADC,ADC,,ADC,ADC,ADC,ADC,ADC,ADC,ADC,ADC,ADC,ADC
,,,,,,,,,,,,,,,,,,,,,,,,,,,,,,,,,,,
,,,,,,,,,,,,,,,,,,,,,,,,,,,,,,,,,,,
,,,,,,,,AMC,AMC,,AMC,,,,AMC,AMC,AMC,AMC,AMC,AMC,AMC,AMC,AMC,AMC,AMC,AMC,AMC,AMC,AMC,AMC,AMC,AMC,AMC,AMC,AMC
,,,,,,,,,,,,,,,,,,,,,,,,,,,,,,,,,,,
,,,,,,,,,,,,,,,,,,,,,,,,,,,,,,,,,,,
,,,,,,,,,,,,,,,,,,,,,,,,,,,,,,,,,,,
,,,,APP,APP,APP,,APP,APP,APP,APP,APP,APP,APP,APP,APP,,APP,APP,APP,APP,APP,APP,,APP,,APP,APP,,APP,APP,APP,APP,APP,APP
,,,,,,,,,,,,,,,,,,,,,,,,,,,,,,,,,,,
,,,,,,,,,,,,,ARM,,,,,ARM,,ARM,,ARM,ARM,,,,,ARM,ARM,ARM,ARM,ARM,ARM,ARM,ARM
,,,,,,,,,,,,,,,,,,,,,,,,,,,,,,,,,,,
,,,,,,,,,,,,,,,,,,,,,,,,,,,,,,,,,,,
,,,,,,,,,,,,,,,,,,,,,,,,,,,,,,,,,,,
,,,,BBS,,,,,,,,,,,,,,,,,,,,,,,,,,,,,,,
,,,,,,,,,,,,,,,,,,,,,,,,,,,,,,,,,,,
,,,,,,,,,,,,,,,,,,,,,,,,,,,,,,,,,,,
,,,,,,,,,,,,,,BED,,,,BED,,,BED,BED,,,,BED,,,BED,BED,,,BED,BED,
,,,,,,,,,,,,,,,,,,,,,,,,,,,,,,,,,,,
,,,,,,,,,,,,,,,,,,,,,,,,,,,,,,,,,,,
,,,,,,,,,,,,,,,,,,,,,,,,,,,,,,,,,,,
,,,,,,,,,,,,,,,,,,,,,,,,,,,,,,,,,,,
,,BPC,,,,,,,,,,,,,,,,,,,,,,,,,,,,,,,,,
,,,,,,,,,,,BSC,BSC,,BSC,,,BSC,,,,,,,,BSC,,,,,,,,,,
,,,,,,,,,,BST,,,BST,BST,,,BST,BST,,,BST,BST,,,BST,BST,BST,,BST,BST,,,BST,BST,BST
,,,,,,,,,,,,,,,,,,,,,,,,,,,,,,,,,,,
,,,,,,,,,,,,,,,,,,,,,,,,,,,,,,,,,,,
,,,,,,,,,,,,,,,,,,,,,,,,,,,,,,,,,,,
,,,,,,,,,,,,,,,,,,,,,,,,,,,,,,,,,,,
,,,,,,,,,,,,,,,,,,,,,,,,,,,,,,,,,,,
CAN,CAN,,,,,,,CAN,CAN,CAN,CAN,CAN,CAN,CAN,CAN,CAN,CAN,CAN,CAN,CAN,CAN,CAN,CAN,CAN,CAN,CAN,CAN,CAN,,CAN,CAN,CAN,,,
,,,,,,,,,CAP,,CAP,CAP,,,,CAP,CAP,,CAP,CAP,,,CAP,CAP,CAP,,CAP,CAP,,,CAP,CAP,,CAP,CAP
,,,,,,,,,,,,,,,,,,,,,,,,,,,,,,,,,,,
,,,,,,,,,,,,,,,,,,,,,,,,,,,,,,,,,,,
,,,,,,,,,,,,,,,,,,,,,,,CJC,,,,,,,,,,,,
,,,,,,,,,,,,,,,,,,,,,,,,,,,,,,,,,,,
,,,,,,,,,,,,,,,,,,,,,,,,,,,,,,,,,,,
,,,,,,,,,,,,,,,,,,,,,,,,,,,,,,,,,,,
,,,,,,,,,CMS,,,,,,,,,,,,,,,,,,,,,,,,,,
,,,,,,,,,,,,,,,,CPC,,,,,,,CPC,,,,,,,,CPC,,CPC,,CPC
,,,,,,,,,,,,,,,,,,,,,,,,,,,,,,,,,,,
,,,,,,,,,,,,,,,,,,,,,,,,,,,,,,,,,,,
,,,,,,,,,,,,,,,,,,,,,,,,,,,,,,,,,,,
,,,,,,,,,CTB,CTB,,CTB,CTB,,,,,,,,,,,,,,,,,,,,,,
,,,,,,,,,,,,,,,,,,,,,,,,,,,,,,,,,,,
,,,,,,,,,,,,,,,,,,,,,,,,,,,,,,,,,,,
,,,,,,,,,,,,,,,,,,,,,,,,,,,,,,,,,,,
,,,,,,,,,,,,,,,,,,,,,,,,,,,,,,,,,,,
,,,,,,,,,,,,,,,,,,,,,,,,,,,,,,,,,,,
,,,,,,,,CVN,,CVN,,,,,,,,,,,,,,,,,,,,,,,,,
,,,,,,,,,,,,,,,,,,,,,,,,,,,,,,,,,,,CVT
,,,,,,,,,,,,,,,,,,,,,,,,,,,,,,,,,,,
,,,,,,,,,D,,,,,,D,,,,,,,,,,,,,,,,,,,,
,,,,,DAD,,,,DAD,,,,DAD,,,,DAD,DAD,,,DAD,DAD,,,DAD,DAD,,,DAD,DAD,,,DAD,DAD,
,,,,,,,,,,,,,,,,,DAE,DAE,,,DAE,DAE,,,DAE,DAE,,,DAE,DAE,,,DAE,DAE,
,,,,,,,,,,,,,,,,DBC,,,,,,,,,,,,,,,,,,,
,,,,,,,,,,DBT,DBT,DBT,DBT,,,DBT,,DBT,,DBT,,,,,,,,DBT,,,,DBT,,,
,,,,,,,,,,,,,,,,,,,,,,,,,,,,,,,,,,,
,,,,,,,,,,,,,,,,,,,,,,,,,,,,,,,,,,,
,,,,,,,,,,,,,,,,,,,,,,,,,,,,,,,,,,,
,,,,,,,,,,,,,,,,,,,,,,,,,,,,,,,,,,,
,,,,,,,,,,,,,,,,,,,,,,,,,,,,,,,,,,,
,,,,,,,,,,,,,,,,,,,,DHP,,,,,DHP,,,,,,,,,,
,,,,,,,,,,,,,,,,,,,,,,DHT,DHT,DHT,,,,,,,,DHT,,DHT,DHT
,,,,,,,,,,,,,,,,,,,,,,,,,,,,,,,,,,,
,,,,,,,,,,,,,,,,,,,,,,,,,,,,,,,,,,,
,,,,,,,,,,,DL,,,,,,,,,,,,,,,,,,,,,,,,
,,,,,,,,,,,,,,,,,,,,,,,,,,,,,,,,,,,
,,,,,,,,,,,,,,,,,,,,,,,,,,,,,,DNC,,,,,
,,,,,,,,,,,,,DNM,DNM,DNM,,DNM,,DNM,DNM,DNM,DNM,DNM,,DNM,DNM,DNM,,,,DNM,DNM,DNM,,DNM
,,,,,,,,,,,,,,,,,,,,,,,,,,,,,,,,,,,
,,,,,,,,,,,,,,,,,,,,,,,,,,,,,,,,,,,
,,,,,,,,,,,,,,,,,,,,,,,,,,,,,,,,,,,
,,,,,,,,DPC,,,,,,,,,,,,,,,,,,,,,,,DPC,,,,
,,,,,,,,,,,,,,,,,,,,,,,,,,,,,,,,,,,
,,,,,,,,,,,,,,,,,,,,,,,,,,,,,,,,,,,
,,DXP,,,DXP,DXP,,DXP,DXP,DXP,,,,DXP,,DXP,DXP,DXP,DXP,,,,,,,,,,,,,,,,
DZM,DZM,DZM,DZM,,DZM,DZM,,,,,DZM,,,DZM,DZM,,,,,,,,,,,,DZM,,,,DZM,,DZM,,
,,,,,,,,,,,,,,,,,,,,,,,,,,,,,,,,,,,
,,EBS,,,,,,,,,,,,,,,,,,,,,,,,,,,EBS,EBS,,,,EBS,
,,,,,,ECI,,,ECI,ECI,,,,ECI,,,ECI,ECI,ECI,,ECI,ECI,,,ECI,ECI,,,ECI,ECI,,,ECI,ECI,
,,,,,EID,,,,EID,,,,EID,EID,,,EID,,,,EID,,,,EID,EID,,,EID,EID,,,EID,,
,,,,,,,,,,,,,,,,,,,,,,,,,,,,,,,,,,,
,,,,,,,,,,,,,,,,,,,,,,,,,,,,,,,,,,,
,,,,,,,,,,,,,,,,,,,,,,,,,,,,,DP3,DP3,DP3,DP3,DP3,DP3,DP3
,,,,,,,,,,,,,,,,,,,,,,,,,,,,,,,,,,,
,,,GLT,,,GLT,,,,,,,,,GLT,,,,,,,GLT,,GLT,,,,GLT,,GLT,GLT,,,,GLT
,,,,,,,,,,,,,GMX,GMX,,,GMX,GMX,,,GMX,GMX,,,GMX,GMX,GMX,GMX,GMX,GMX,GMX,GMX,GMX,GMX,GMX
,,,,,,,,,HAD,HAD,,,HAD,HAD,,,HAD,HAD,,,HAD,HAD,,,HAD,,,,HAD,,,,,,
,,,,,,,,,,HAT,,,HAT,HAT,,,HAT,HAT,HAT,,HAT,HAT,HAT,,HAT,HAT,HAT,,HAT,HAT,,,HAT,HAT,
,,HBE,,,,,,,,,,,,,,,,,,,,,,,,,,,,,,,,HBE,
,,,,,,,,,,,,,,,,,,,,,,,,,,,,,,,,,,,
,,,,,,,,,,,,,,,,,,,,,,,,,,,,,,,,,,,
,,,,,,,,,,,,,,,,,,,,,,,,,,,,,,,,,,,
,,,,,,,,,,,,HDA,HDA,HDA,HDA,,HDA,HDA,HDA,HDA,HDA,HDA,HDA,,HDA,HDA,HDA,,,,,,,,HDA
,,,,,,,,,,,,,,,,,,,,,,,,,,,,,,,,,,,
HEV,,HEV,HEV,,,,,,,,,,,HEV,HEV,,,HEV,,,HEV,HEV,,,HEV,HEV,,,HEV,HEV,,HEV,HEV,HEV,
,,,,,,,,,HGM,HGM,,HGM,HGM,HGM,HGM,HGM,HGM,HGM,,HGM,,,,,,,,,,,,,,,
,,,HHC,,,,,HHC,,,HHC,,,,,HHC,,HHC,HHC,HHC,,HHC,HHC,HHC,,HHC,HHC,HHC,,HHC,HHC,HHC,,HHC,HHC
,,,,,,,,,,,,,,,,,,,,,,,,,,,,,,,,,,,
,,,,,,,,,,,,,,,,,,,,,,,,,,,,,,,,,,,
,,,,,,,,,,,,,,,,,,,,,,,,,,,,,,,,,,,HKB
,,,,,,,,,,,,,,,,,,,,,,,,,,,,,,,,,,,
,,,,,,,,,,,,,,,,,,,,,,,,,,,,,,,,,,,
,,,,,,,,,,,,,,,,,,,,,,,,,,,,,,,,,,,
HLY,HLY,HLY,HLY,HLY,HLY,HLY,,HLY,HLY,HLY,,HLY,HLY,,,,,,,,,,,,,,,,,,,,,,
,,,,,,,,,,,,,,,,,,,,,,,,,,,,,,,,,,,
,HNM,HNM,,,HNM,,,,,,,,,,,,,,,,HNM,,,,,,,,,,,,,,
,,,,,,,,,,,,,,,,,,,,,,,,,,,,,,,,,,,
,,,,,,,,,,,,,,,,,,,,,,,,,,,,,,,,,,,
,,,,,,,,,,,,,,,,,,,,,,,,,,,,,,,,,,,
,,,,,,,,,,,,,,,,,,,,,,,,,,,,,,,,,,,
,,,,,,,,,,,,,,,,,,,,,,,,,,,,,,,,,,,
,,,,,,,,,,,,,,,,,,,,,,,,,,,,,,,,,,,
,,,,,,,,,,,,,,,,,,,,,,,,,,,,,,,,,,,
,,,,,,,,,,,,,,,,,,,,,,,,HVT,,,,,,,,,,,
,,,,,,,,,,,,,ICG,,,,,,,,,,,,,,,,,,,,,,
,,,,,,,,,,,,,,,,,,,,,,,,,,,,,,,,,,,
,,,,,,,,,,,,,,,,,,,,,,,,,,,,,,,,,,,
,,,,,,,,,,,,,,,,,,,,,,,,,,,,,,,,,,,
,,,,,,,,,,,,,,,,INN,,,INN,INN,,INN,INN,,,,,INN,,,,INN,INN,INN,
,,,,,,,,,,,,,,,,,,,,,,,,,,,,,,,,,,,
,,,,,,,,,,,,,,,,,,,,,,,,,,,,,,,,,,,
,,,,,,,,,,,,,,,,,,,,,,,,,,,,,,,,,,,
,,,,,,,,,KHB,KHB,,,,,,,,,,,,,,,,,,,,,,,,,
,,,,,,,,,,,,,,,,,,,,,,,,,,,,,,,,,,,
,KKC,,,,,,,,,,,,,,,,,,,,,,,,,,,,,,,,KKC,,
,,,,,,,,,,,,,,,,,,,,,,,,,,,,,,,,,,,
,,,,,,,,,,,,KMT,,,,,,,,,,,,,,,,,,,,,,,
,,,,,,,,,,,,,,,,,,,,,,,,,,,,,,,,,,,
,,,,,,,,,,,,,,,,,,,,,,,,,,,,,,,,,,,
,,,,,,,,,,,,,,,,,,,,,,,,,,,,,,,,,,,
,,,,,,,,,,,KST,,,,KST,,,,KST,,,,KST,,KST,KST,,,,,,,,,
,,,,,,,,,,,KTS,KTS,KTS,KTS,,KTS,,,,,,,,,,,,,KTS,,,KTS,,,
,,,,,,,,,,,,,,,,,,,,,,,,,,,,,,,,,,,
,,,,,,,,,,,,,,,,,,,,,,,,,,,,,,,,,,,
,,,,,,,,,,,,,,,,,,,,,,,,,,,,,,,,,,,
,,,,,,,,,,,,,,,,,,,,,,,,,,,,,,,,,,,
,,,,,,,,,,,,,,,,,,,,,,,,,,,,,,,,,,,
,,,,,,,,,,,,,,,,,,,,,,,,,,,,,,,,,,,
,,,,,,,,,,,,,,,,,,,,,,,,,,,,,,,,,,,
,,,,,,,,,,,,,,,,,,,,,,,,,,,,,,,,,,,
,,,,,,,,,,,,,,,,,,,,,,,,,,,,,,,,,,,
,,,,,,,,,,,,,,,,LAS,LAS,,LAS,LAS,LAS,,LAS,LAS,,,LAS,LAS,,,LAS,,,,
,,,,,,LBE,,,,LBE,,,,LBE,LBE,,LBE,LBE,LBE,,LBE,LBE,LBE,,LBE,LBE,,,,LBE,,,LBE,LBE,
,,,,,,,,,,,,,,,,,,,,,,,,,,,,,,,,,,,
,,,,,,,,,,,,,,,,,,,,,,,,,,,,,,,,,,,
,,,,,,,,LDP,LDP,LDP,,LDP,,LDP,LDP,LDP,,,,,,LDP,,LDP,,,,,,,,,,,
,,,,,,,,,,,,,,,,,,,,,,,,,,,,,LHC,,,,LHC,,
,,,,,,,,,,,,,,,,,,,,,,,,,,,,,,,,,,,
,,,,,,,,,,,,,,,,,,,,,,,,,,,,,,,,,,,
,,,,,,,,,,,,,,,,,,,,,,,,,,,,,,,,,,,
,,,,,,,,,,,,,,,,,,,,,,,,,,,,,,,,,,,
,,,,,,,,,,,,,,,,,,,,,,,,,,,,,,,,,,,
,,,,,,,,,,,,,,,,,,,,,,,,,,,,,,,,,,,
,,,,,MAS,,,,,,,,MAS,,,,,,,,,MAS,,MAS,MAS,MAS,MAS,MAS,MAS,MAS,MAS,MAS,MAS,MAS,MAS
,,,,,,,,,,,,,,,,,,,,,,,,,,,,,,,,,,,
,,,,,,,,,,,,,,,,,,,,,,,,MCC,,,,,,,,,MCC,,
,,,,,,,,,,,,,MCF,,,MCF,,,MCF,,,,,,,,,,,,,,,,
,,,,,,,,,,,,,,,,,,,,,,,,,,,,,,,,,,,
,,,,,,,,,,,,,,,MDC,,,,,,,,MDC,,,,,,,,,,,,
,,,,,,,,,,,,,,,,,,,,,,,,,,,,,,,,,,,
,,,,,,,,MHL,,,,,,,,,,,,,,,,,,,,,,,,,,,
,,,,,,,,,,,,,,,,,,,,,,,,,,,,,,,,,,,
,,,,,,,,,,,,,,,,,,,,,,,,,,,,,,,,,,,
,,MKV,,MKV,MKV,MKV,,MKV,MKV,MKV,MKV,MKV,MKV,MKV,MKV,MKV,MKV,MKV,MKV,MKV,MKV,MKV,,,,,MKV,,,,MKV,,,,
,,,,,,,,,,,,,,,,,,,,,,,,,,,,,,,,,,,
,,,,,,,,,,,,,,,,,,,,,,,,,,,,,,,,,,,
,,,,,,,,,,,,,,,,,,,,,,,,,,,,,,,,,,,
,,,,,,,,,,,,,,,,,,,,,,,,,,,,,,,,,,,
,,,NBC,,,,,,,NBC,,,NBC,,NBC,NBC,,,,,,,NBC,,,,NBC,,,,,,,,
,,,,NBP,,,,NBP,NBP,,,,,,NBP,,NBP,,,,,,,,,,NBP,,,,,,,,
,,,,,,,,,,,,,,,,,,,,,,,,,,,,,,,,,,,
,,,,,,,,,,,,,,,,,,,,,,,,,,,,,,,,,,,
,,,,,,,,,,,,,,,,,,,,,,,,,,,,,,,,,,,
,,,,,,,,NET,NET,NET,NET,NET,NET,NET,NET,NET,NET,NET,NET,NET,NET,NET,NET,NET,NET,NET,NET,NET,NET,NET,NET,NET,NET,NET,NET
,,,,,,,,,,,,,,,,,,,,,,,,NFC,NFC,,NFC,NFC,NFC,,,NFC,NFC,,
,,NGC,,,,,,,,,,,,,,,,,,,,,,,,,,,,,,,,,
,,,,,,,,,,,,,,,,,,,,,,,,,,,,,,,,,,,
NHC,NHC,NHC,,,,NHC,,,,,,,,,,,,,,,,,,,NHC,NHC,NHC,,NHC,,NHC,,,,NHC
,,,,,,,,,,,,,,,,,,,,,,,,,,,,,,,,,,,
,,,,,,,,,,,,,,,,,,,,,,,,,,,,PMB,,,,PMB,,,
,,,,,,,,,,,,,,,,,,,,,,,,,,,,,,,,,,,
,,,,,,,,,,,,,,,,,,,,,,,,,,,,,,,,,,,
NTP,NTP,NTP,,NTP,NTP,NTP,,NTP,NTP,NTP,NTP,NTP,NTP,,NTP,NTP,NTP,NTP,NTP,NTP,NTP,NTP,NTP,NTP,NTP,NTP,,,NTP,NTP,NTP,NTP,NTP,NTP,NTP
,,,,,,,,,,,,,,,,,,,,,,,,,,,,,,,,,,,
,,,,,,,,,,,,,,,,,,,,,,,,,,,,,,,,,,,
,ONE,,ONE,,ONE,,,,,,ONE,,,,ONE,,,,,,,,,,,,,,,,,,,,
,,,,,,,,,,,,,,,,,,,,,,,,,,,,,,,,,,,
,,,,,,,,,,,,,,,,,,,,,,,,,,,,,,,,,,,
,,,,,,,,,,,,,,,,,,,,,,,,,,,,,,,,,,,
,,,,,,,,,,,,,,,,,,,,,,,,,,,,,,,,,,,
,,,,,,,,,,,,,,,,,,,,,,,,,,,,,,,,,,,
,,,,,,,,,,,,,,,,,,,,,,,,,,,,,,,,,,,
,,,,,,,,,,,,,,,,,,,,,,,,,,,,,,,,,,,
,,,,,,,,,,,,,,,,,,,PGS,PGS,PGS,PGS,,PGS,,PGS,,PGS,PGS,PGS,,,PGS,PGS,PGS
,,,,,,,,,,,,,,,,,,,,,,,,,,,,,,,,,,,
,,,,,,,,,,,,,,,,,,,,,,,,,,,,,,,,,,,
,,,,,,,,,,,,,,,,,,,,,,,,,,,,,,,,,,,
,,,,,,,,,,,,,,,,,,,,,,,,,,,,,,,,,,,
,,,,,,,,,,,PIV,,,,,,,,,,,,,,,,PIV,,,,,,,,
,,,,,,,,,,,,,,,,,,,,,,,,,,,,PJC,PJC,,,PJC,PJC,,
,,,,,,,,PLC,,,PLC,,,,,,,,,,,,,,,,,,,,,,,,
,,,PMC,PMC,PMC,PMC,,PMC,PMC,PMC,PMC,PMC,PMC,PMC,PMC,PMC,PMC,PMC,PMC,PMC,PMC,PMC,PMC,PMC,PMC,PMC,PMC,PMC,PMC,PMC,PMC,PMC,PMC,PMC,PMC
,,,,,,,,,,,,,,,,,,,,,,,,,,,,,,,,,,,
,,,,,,,,,,,,,,,,,,,,,,,,,,,,,PMS,,,,,,
,,,,,,,,,,,,,,,,,,,,,,,,,,,,,,,,,,,
,,,,,,,,,,,,,,,,,,,,,,,,,,,PPE,,,,PPE,,,,
,,,,,,,,,,,,,,,,,,,,,,,,,,,,,,,,,,,
,,,,,,,,,,,,,,,,,,,,,,,,,,,,,,,,,,,
,,,,,,,,,,,,,,,,,,,,,,,,,,,,,,,,,,,
,,,,,,,,,,,,,,,,,,,,,,,,,,,,,,,,,,,
,,,,,,,,,,,,,,,,,,,,,,,,,,,,,,,,,,,
,,,,,,,,,,,,,,,,,,,,,,,,,,,,PSE,,PSE,,,,,PSE
,,,,,,,,,,,,,,,,,,,,,,,,,,,,,,,,,,,
,,,,,,,,,,,,,,,,,,,,,,,,,,,,,,,PTD,,,,
,,,,,,,,,,,,,,,,,,,,,,,,,,,,,,,,,,,
,,,,,,,,,,,,,,,,,,,,,,,,,,,,,,,,,,,
,,,,,,,,,,,,,,,,,,,,,,,,,,,,,,,,,,,
,,,,,,,,,,,,,,,,,,,,,,,,,PVB,,,,PVB,,,,,,
PVC,,,,,,,,,,,,,,,,,,PVC,,,,,,,PVC,,,,,,,,,,
,,,,,,,,,,,,,,,,,,,,,,,,,,,,,,,,,,,
,,,,,,,,,,,,,,,,,,,,,,,,,,,,,,,PCN,,,,
,,,,,,,,,,,,,,,,,,,,,,,,,,,,,,,,,,,
,,,,,,,,,,,,,,,,,,,,,,,,,,,,,,,,,,,
,,,,,,,,,,,,,,,,,,,,,,,,,,,,,,,,,,PVG,
,,,,,,,,,,,,,,,,,,,,,,,,,,,,,,,,,,,
,,,,,,,,,,,,,,,,,,,,,,,,,,,,,,,,,,,
,,,,,,,,,,,,,,,,,,,,,,,,,,,,,,,,,PPY,PPY,PPY
,,,,,,,,,,,,,,,,,,,,,,,,,,,,,,,,,,,
,,,,,,,,,,,,,,,,,,,,,,,,,,,,,,,,,,,
,,,,,,,,,,,,,,,,,,,,,,,,,,,,,,,,,,,
,,,,,,,,,,,,,,,,,,,,,,,,,,,,,,,,,,,
,,,,,,,,,,,,,,,,,,,,,,,,,,,,,,,,,,,
,,,,,,,,,,,,,,,,,,,,,,,QHD,,QHD,QHD,QHD,QHD,QHD,QHD,QHD,QHD,QHD,,
,,,,,,,,,,,,,,,,,,,,,,,,,,,,,,,,,,,
,,,QST,,QST,QST,,,QST,QST,QST,,,QST,,,QST,QST,QST,,QST,QST,QST,,QST,QST,QST,,,QST,QST,,,,QST
,,,,,,,,,,,,,,,,,,,QTC,,,,QTC,,QTC,,,,,,,,,,
,,,,,,,,,,,,,,,,,,,,,,,,,,,,,,,,,,,
,,,,,,,,,,,,,,,,,,S55,,,,,S55,,,,,,,,,,,,
,,,,,,,,,,,,,,,,,,,,,,,,,,,,,,,,,,,
,S99,,,,,,,S99,,,,,,,,,,,,,,,,,,,,,,,,,,,
,,,,SAF,SAF,SAF,,SAF,SAF,SAF,SAF,SAF,,SAF,SAF,SAF,SAF,SAF,SAF,SAF,SAF,SAF,SAF,SAF,SAF,SAF,SAF,SAF,SAF,SAF,SAF,SAF,SAF,SAF,SAF
,,,,,,,,,,,,,,,,,,,,,,,,,,,,,,,,,,,
,,,,,,,,,,,,,,,,,,,,,,,,,,,,,,,,,,,
,,,,,,,,,,,,,,,,,,,,,,,,,,,,,,,,,,,
,,,,,,,,SCL,,,,,,,,,,,,,,,SCL,,,,,SCL,,,,,,,
,,,,,,,,,,,,,,,,,,,,,,,,,,,,,,,,,,,
,,,,,,,,,,,,,,,,,,,,,,,,,,,,,,,,,,,
,,,,,,,,,,,,,,,,,,,,,,,,,,,,,,,,,,,
,,,,,,,,,,,,,,,,,,,,,,,,,,,,,,,,,,,
,,,,,,,,,,,,,,,,,,,,,,,,,,,,,,,,,,,
,,,,,,,,,,,,,,,,,,,,,,,,,,,,,,,,,,,
,,,,,,,,,,,SDA,,,,,,,,,,,,,,,,,,,,,,,,
,,,,,,,,,,,,,,,,,,,,,,,,,,,,,,,,,,,
,,,,,,,,,,,,,,,,,,,,,,,,,,,,,,,,,,,
,,,,,,,,,,,,,,,,,,,,,,,,,,,,,,,,,,,
,,,,,,,,,,,,,,,,,,,,,,,,,,,,,,,,,,,
,,,,,,,,,,,,,,,,,,,,,,,,,,,,,,,,,,,
,,,,,,,,,SDN,SDN,,SDN,SDN,,,SDN,SDN,SDN,SDN,SDN,SDN,SDN,SDN,SDN,SDN,SDN,SDN,SDN,SDN,SDN,SDN,SDN,SDN,SDN,SDN
,,,,,,,,,,,,,,,,,,,,,,,,,,,,,,,,,,,
,,,,,,,,,,,,,,,,,,,,,,,,,,,,,,,,,,,
,,,,,,,,,,,,,,,,,,,,,,,,,,,,,,,,,,,
,,,,,,,,,,,,,,,,,,,,,,,SDY,,,,,,,,,,,,
,,,,,,,,,,,,,,,,,,,,,,,,,,,,,,,,,,,
,,,,,,,,,SED,,,,SED,,,,SED,SED,,,SED,SED,,,SED,SED,,,SED,SED,,,SED,SED,
,,,,,SFN,,,,,,,,,,,,,,,SFN,,,,,,,,,,SFN,SFN,SFN,,SFN,SFN
,,,,,,,,,,,,SGC,,,,,,,,SGC,,,,,,,,,,SGC,,SGC,SGC,SGC,SGC
,,,,,,,,,,,,,,,,,,SGD,,,,,,,,,,,,,,,,,
SGH,SGH,SGH,SGH,SGH,,,,SGH,,,,,,,,,,,,,,,,,,,,,,,,,,,
,,,,,,,,,,,,,,,,,,,,,,,,,,,,,,,,,,,
,,,,,,,,,,,,,,,,,,,,,,,,,,,,,,,,,,,
,,,,,,,,,,,,,,,,,,,,,,,,,,,,,SHN,,,,,,
,,,,,,,,,,,,,,,,,,,SHS,,,,,,,,,,,,,,,,
,,,,,,,,,,,,,,,,,,,,,,,,,,,,,,,,,,,
,,,,,,,,,,,,,,,,,,,,,,,,,,,,,,,,,,,
,,,,,,,,,,,,,,,,,,,,,,,,,,,,,,,,,,,
,,,,,,,,,,,,,,,,,,,,,,,,,,,,,,,,,,,
,,,,,,,,,,,,,,,,,SLS,,,SLS,SLS,,,,,,,,SLS,,,SLS,SLS,,
,,,,,,,,,SMT,,,,,,SMT,,SMT,SMT,SMT,SMT,SMT,SMT,SMT,SMT,SMT,SMT,SMT,SMT,SMT,SMT,SMT,SMT,,,
,,,,,,,,,,,,,,,,,,,,,,,,,,,,,SMN,SMN,,,,SMN,SMN
,,,,,,,,,,,,,,,,,,,,,,,,,,,,,,,,,,,
,,,,,,,,,,,,,,,,,,,,,,,,,,,,,,,,,,,
,,,,,,,,,,,,,,,,,,,,,,,,,,,,,,,,,,SRA,SRA
,,SSM,,,,,,,,,,,,,,,,,,,,,,,,,,,,,,,,,
,,,,,,,,,,STC,,,,STC,STC,,,STC,STC,,STC,STC,STC,,,STC,STC,,STC,STC,STC,,STC,STC,STC
,,,,,,,,,,,,,,,,,,,,,,,,,,,,,,,,,,,
,,,,,,,,,,,,,,,,,,,,,,,,,,,,,,,,,,,
,,,,,,,,,,,,,,,,,,,,,,,,,,,,,,,,,,,
,,,,TAG,TAG,TAG,,TAG,TAG,TAG,TAG,TAG,TAG,TAG,TAG,TAG,TAG,TAG,TAG,TAG,TAG,,,TAG,TAG,TAG,,TAG,TAG,TAG,,TAG,TAG,TAG,TAG
,TBX,TBX,,,,,,,,,,,,,,,,,,,,,,,,,,,,,,,,,
TC6,,,,,,,,,,,,,,,,,,,,,,,TC6,,,,,,,,,,,,
,,,,,,,,,,,,,,,TCS,TCS,,,,,,,TCS,,,,TCS,,,,,,,,
,,TDN,,,,,,,,,TDN,,,,TDN,,,,,,,,TDN,,,,,,,,,,,,
,,,,,,,,,,,,,,,,,,,,,,,,,,,,,,,,,,,
,,,,,,,,,,,,,,,,,,,,,,,,,,,,,,,,,,,
,,,,,,,,,,,,,,,,,,,,,,,,,,,,,,,,,,,
,,,,,,,,,,,,,,,,,,,,,,,,,,,,,,,,,,,
,,,,,,,,,,,,,,,,,,,,,THB,,,,THB,THB,,,THB,THB,,,THB,THB,
,,,,,,,,,,,,,,,,,,,,,,,,,,,,,,,,,,,
,,,THT,,,,,,,,THT,,THT,,,,,,,,,,THT,,,,,,,,THT,,,,
,,,,,,,,,,,,,,,,,,,,,,,,,,,,,,,,TTH,,TTH,
,,,,,,,,,,,,,,,,,,,,,,,,,,,,,,,,,,,
,,,,,,,,,,,,,,,,,,,,,,,,,,,,,,,,,,,
,,,,,,,,,,,,,,,,,,,,,,,,,,,,,,,,,,,
,,,,,,,,,,,,,,,,,,,,,,,,,,,,,,,,,,,
,,,,,,,,,,,,,,,,,,,,,,,,,,,,,,,,,,,
TMC,,,,,,,,,,,,,,,,,,,,,,,,,,,,,TMC,TMC,,TMC,TMC,TMC,TMC
,,,,,,,,,,,,,,,,,,,,,,,,,,,,,,,TMX,,,,
,,,,,,,,,,,,,,,,,,,,,,,,,,,,,,,,,,,
,,,,,,,,,,,,,,,,,,,,,,,,,,,,,,,,,,,
,,,,,,,,,,,,,,,,,,,,,,,,,,,,,,,,,,,
,,,,,,,,,,,,,,,,,,,,TPP,,,,,,,,,TPP,,,,,,
,,,,,,,,,TSB,,,,,,,,,,,,,,,,,,,,,,,,,,
,,,,,,,,,,,,,,,,,,,,,,,,,,,,,,,,,,,
,,,,,,,,,,,,,,,,,,,,,,,,,,,,,,,,,,,
,,,,,,,,,,,,,,,,,,,,,TTC,,,,,,,,,,,TTC,,,
,,,,,,,,,,,,,,,,,,,,,,,,,,,,,,,,,,,
,,,TV2,,,,,,,,TV2,,,,TV2,,,,TV2,,,,TV2,,,,TV2,,,,TV2,,,,
,,,,,,,,,,,TV3,,,,TV3,,,,TV3,,,,TV3,,,TV3,,,,,,,,,
,,,TV4,,,,,,,,,,,,,,,,TV4,,,,,,,,,,,,,,,,
,,,,,,,,,,,,,,,,,,,,,,,,,,,,,,,,,,,
,,,,,,,,,,,,,,,TVD,,,,,,,,,,,,,,,,,,,,
,,,,,,,,,,,,,,,,,TXM,,,TXM,TXM,TXM,TXM,TXM,TXM,TXM,TXM,TXM,,TXM,TXM,TXM,TXM,TXM,TXM
,,,,,,,,,,,,,,,,,,,,,,,,,,,,,,,,,,,
,,,,,,,,,,,,,,,,,,,,,,,,,,,,,,,,,,,
,,,,,,,,,,,,,,,,,,,,,,,,,,,,,,,,,,,
,,,,,,,,,,,VAT,,,,,,,,,,,,,,,,,,,,,,,,
,,,,,,,,,,,,,,,,,,,,,,,,,,,,,,,,,,,
,,,,,,,,,VBH,,,,,,,VBH,VBH,VBH,,,,VBH,,VBH,,,,VBH,,,,,,VBH,VBH
,,,,,,,,,,,,,,,,,,,,,,,,,,,,,,,,,,,
,,,,,,,,,,,,,,,,,,,,,,,,,,,,,,,,,,,
,,,,,,,,,,,,,,,,,,,,,,,,,,,,,,,,,,,
,,,,,,,,,,,,,,,,,,,,,,,,,,,,,,,,,,,
,,,,,,,,,,,,,,,,,,,,,,,,,,,,,,,,,,,
,,,,,,,,,,,,,,,,,,,,,,,,,,,,,,,,,,,
,,,,,,,,,,,,,,,,,,,,,,,,,,,,,,,,,,,
,,,,,,,,,,,,,,,,,,,,,,,,,,,,,,,,,,,
,,,,,,,,,,,,,,,,,,,,,,,,,,,,,,,,,,,
,,,,,,,,,,,,,,,,,,,,,,,,,,,,,,,,,,,
,,,,,,,,,,,,,,,,,,,,,,,,,,,,,,,,,,,
,,,,,,,,,,,,,,,,,,,,,,,,,,VCS,,,,,,,,,
,,,VDL,VDL,,,,,,,VDL,,,,VDL,,,,VDL,,,,VDL,VDL,,,VDL,VDL,,,VDL,,,,VDL
,,,,,,,,,,,,,,,,,,,,,,,,,,,,,,,,,,,
,,,,,,,,,,,,,,,,,,,,,,,,,,,,,,,,,,,
,,,,,,,,,,,,,,,VE2,,,,,,,,VE2,,,,,,,,,,,,
,,,,,,,,,,,VE3,,,,VE3,,,,,,,,,,,,,,,,,,,,
,,,,,,,,,,,,,,,,,,,,,,,,,,,,,,,,,,,
,,,,,,,,,,,,,,,,,,,,,,,,,,,,,,,,,,,
,,,,,,,,,,,VE9,,,,,,,,,,,,,,,,,,,,,,,,
,,,,,,,,,,,,,,,,,,,,,,,,,,,,,,,,,,,
,,,,,,,,,,,,,,,,,,,,,,,,,,,,,,,,,,,
,,,,,,,,,,,,,,,,,,,,,,,,,,,,,VGP,,,,,,
,,,,,,,,,,,,,,,,,,,,,,,,,,,,,,,,,,,
,,,,,,VHL,,,,VHL,,,,,,,,,VHL,,,,,,,,,,,,,,,,
,,,,,,,,,,,,,,,,,,,,,,,,,,,,,,,,,,,
,,,,,,,,,,,,,,,,,,,,,,,,,,,,,,,,,,,
,,,,,,,,,,,,,,,,,VIG,,,,,,,,,,,,,,,,,,
,,,,,,,,,,,,,,,,,,,,,,,,,,,,,,,,,,,
,,,,,,,,,,,,,,,,,,,,,,,,,,,VIX,,,,,,,,
,,,,,,,,,,,,,,,,,,,,,,,,,,,,,,,,,,,
,,,,,,,,,,,,,,,,,,,,,,,,,,,,,,,,,,,
,,,,,,,,,,,,,,,,,,,,,,,,,,,,,,,,,,,
,,,,,,,,,,,,,,,,,,,,,,,,,,,,,,,,,,,
,,,,,,,,,,,,,,,,,,,,,,,,,,,,,,,,,,,
,,,,,,,,,,VNC,,,,,,,,,,,VNC,,,,,,,,,VNC,,VNC,,VNC,
,,,,,,,,,,,,,,,,,,,,,,,,,,,,,,,,,,,
,,,,,,,,,,,,,,,,,,,,,,,,,,,,,,,,,,,
,,,,,,,,,VNF,VNF,,,,,,,,,,,,,,,,,,,,,,,,,
,,,,,,,,,,,,,,,,,,,,,,,,,,,,,,,,,,,
,,,,,,,,,,,,,,,,,,,,,,,,,,,,,,,,,,,
,,,,,,,,,,,,,,,,,,,,,,,,,,,,,,,,,,,
,,,,,,,,,,,VTC,,,,,,,,,,,,,,,,VTC,,,,VTC,,,,VTC
,,,,,,,,,,,,,,,,,,,,,,,,,,,,,,,,,,,
,,,,,,,,,,,,,,,,,,,,,,,,,,,,,,,,,,,VTJ
,,,VTL,,,,,,,,,,,,VTL,,,,,,,,,VTL,,,,VTL,,,,,,,
VTS,VTS,VTS,VTS,VTS,VTS,VTS,,,VTS,VTS,,,VTS,,,,,,,,,,,,,,,,,,,,,,
VTV,VTV,VTV,VTV,VTV,VTV,VTV,,VTV,VTV,VTV,VTV,VTV,VTV,,VTV,,,,,,,,,,,,,,,,,,,,
,,,,,,,,,,,,,,,,,,,,,,,,,,,,,,,,,,,
,,,,,,,,,,,,,,,,,,,,,,,,,,,,,,,,,,,
,,,,,,,,,,,,,,,,WCS,,,,,,,,WCS,WCS,WCS,,WCS,,,,WCS,,,